Participant ID,Day,Track,College,State,Score,Feedback,Email,Phone,Submission Time
P1,1,Track D,College 3,State 2,1,Feedback from participant 1,participant1@example.com,123-456-7890,2023-01-01 00:00:00
P2,2,Track D,College 4,State 4,6,Feedback from participant 2,participant2@example.com,123-456-7891,2023-01-01 01:00:00
P3,3,Track A,College 3,State 3,5,Feedback from participant 3,participant3@example.com,123-456-7892,2023-01-01 02:00:00
P4,3,Track D,College 4,State 3,4,Feedback from participant 4,participant4@example.com,123-456-7893,2023-01-01 03:00:00
P5,2,Track A,College 1,State 3,10,Feedback from participant 5,participant5@example.com,123-456-7894,2023-01-01 04:00:00
P6,2,Track A,College 3,State 3,1,Feedback from participant 6,participant6@example.com,123-456-7895,2023-01-01 05:00:00
P7,2,Track C,College 3,State 2,6,Feedback from participant 7,participant7@example.com,123-456-7896,2023-01-01 06:00:00
P8,3,Track C,College 3,State 3,9,Feedback from participant 8,participant8@example.com,123-456-7897,2023-01-01 07:00:00
P9,4,Track D,College 4,State 4,3,Feedback from participant 9,participant9@example.com,123-456-7898,2023-01-01 08:00:00
P10,3,Track B,College 3,State 2,1,Feedback from participant 10,participant10@example.com,123-456-7899,2023-01-01 09:00:00
P11,2,Track C,College 1,State 2,10,Feedback from participant 11,participant11@example.com,123-456-7890,2023-01-01 10:00:00
P12,4,Track C,College 2,State 3,3,Feedback from participant 12,participant12@example.com,123-456-7891,2023-01-01 11:00:00
P13,1,Track A,College 3,State 3,6,Feedback from participant 13,participant13@example.com,123-456-7892,2023-01-01 12:00:00
P14,2,Track D,College 1,State 1,6,Feedback from participant 14,participant14@example.com,123-456-7893,2023-01-01 13:00:00
P15,4,Track A,College 2,State 1,1,Feedback from participant 15,participant15@example.com,123-456-7894,2023-01-01 14:00:00
P16,3,Track C,College 1,State 3,8,Feedback from participant 16,participant16@example.com,123-456-7895,2023-01-01 15:00:00
P17,3,Track C,College 3,State 3,2,Feedback from participant 17,participant17@example.com,123-456-7896,2023-01-01 16:00:00
P18,1,Track D,College 2,State 4,5,Feedback from participant 18,participant18@example.com,123-456-7897,2023-01-01 17:00:00
P19,2,Track C,College 1,State 2,4,Feedback from participant 19,participant19@example.com,123-456-7898,2023-01-01 18:00:00
P20,3,Track A,College 2,State 3,5,Feedback from participant 20,participant20@example.com,123-456-7899,2023-01-01 19:00:00
P21,3,Track A,College 4,State 1,8,Feedback from participant 21,participant21@example.com,123-456-7890,2023-01-01 20:00:00
P22,3,Track C,College 2,State 4,6,Feedback from participant 22,participant22@example.com,123-456-7891,2023-01-01 21:00:00
P23,1,Track B,College 4,State 4,6,Feedback from participant 23,participant23@example.com,123-456-7892,2023-01-01 22:00:00
P24,3,Track C,College 4,State 4,3,Feedback from participant 24,participant24@example.com,123-456-7893,2023-01-01 23:00:00
P25,3,Track D,College 1,State 3,9,Feedback from participant 25,participant25@example.com,123-456-7894,2023-01-02 00:00:00
P26,3,Track C,College 3,State 2,10,Feedback from participant 26,participant26@example.com,123-456-7895,2023-01-02 01:00:00
P27,1,Track A,College 1,State 1,4,Feedback from participant 27,participant27@example.com,123-456-7896,2023-01-02 02:00:00
P28,2,Track C,College 1,State 1,9,Feedback from participant 28,participant28@example.com,123-456-7897,2023-01-02 03:00:00
P29,1,Track B,College 2,State 1,2,Feedback from participant 29,participant29@example.com,123-456-7898,2023-01-02 04:00:00
P30,3,Track A,College 3,State 4,10,Feedback from participant 30,participant30@example.com,123-456-7899,2023-01-02 05:00:00
P31,4,Track D,College 1,State 1,8,Feedback from participant 31,participant31@example.com,123-456-7890,2023-01-02 06:00:00
P32,3,Track C,College 1,State 2,6,Feedback from participant 32,participant32@example.com,123-456-7891,2023-01-02 07:00:00
P33,3,Track C,College 4,State 3,3,Feedback from participant 33,participant33@example.com,123-456-7892,2023-01-02 08:00:00
P34,1,Track A,College 4,State 1,1,Feedback from participant 34,participant34@example.com,123-456-7893,2023-01-02 09:00:00
P35,3,Track B,College 2,State 2,2,Feedback from participant 35,participant35@example.com,123-456-7894,2023-01-02 10:00:00
P36,3,Track A,College 2,State 4,10,Feedback from participant 36,participant36@example.com,123-456-7895,2023-01-02 11:00:00
P37,4,Track D,College 3,State 2,6,Feedback from participant 37,participant37@example.com,123-456-7896,2023-01-02 12:00:00
P38,1,Track A,College 3,State 2,5,Feedback from participant 38,participant38@example.com,123-456-7897,2023-01-02 13:00:00
P39,1,Track A,College 4,State 2,4,Feedback from participant 39,participant39@example.com,123-456-7898,2023-01-02 14:00:00
P40,1,Track B,College 4,State 3,5,Feedback from participant 40,participant40@example.com,123-456-7899,2023-01-02 15:00:00
P41,2,Track B,College 4,State 1,1,Feedback from participant 41,participant41@example.com,123-456-7890,2023-01-02 16:00:00
P42,4,Track B,College 1,State 3,5,Feedback from participant 42,participant42@example.com,123-456-7891,2023-01-02 17:00:00
P43,4,Track C,College 4,State 1,3,Feedback from participant 43,participant43@example.com,123-456-7892,2023-01-02 18:00:00
P44,3,Track D,College 2,State 4,6,Feedback from participant 44,participant44@example.com,123-456-7893,2023-01-02 19:00:00
P45,2,Track A,College 3,State 1,10,Feedback from participant 45,participant45@example.com,123-456-7894,2023-01-02 20:00:00
P46,4,Track D,College 2,State 1,3,Feedback from participant 46,participant46@example.com,123-456-7895,2023-01-02 21:00:00
P47,2,Track B,College 4,State 1,8,Feedback from participant 47,participant47@example.com,123-456-7896,2023-01-02 22:00:00
P48,1,Track C,College 1,State 4,3,Feedback from participant 48,participant48@example.com,123-456-7897,2023-01-02 23:00:00
P49,1,Track A,College 3,State 3,2,Feedback from participant 49,participant49@example.com,123-456-7898,2023-01-03 00:00:00
P50,3,Track C,College 4,State 1,7,Feedback from participant 50,participant50@example.com,123-456-7899,2023-01-03 01:00:00
P51,4,Track D,College 1,State 1,5,Feedback from participant 51,participant51@example.com,123-456-7890,2023-01-03 02:00:00
P52,3,Track A,College 4,State 1,7,Feedback from participant 52,participant52@example.com,123-456-7891,2023-01-03 03:00:00
P53,3,Track C,College 1,State 4,6,Feedback from participant 53,participant53@example.com,123-456-7892,2023-01-03 04:00:00
P54,3,Track A,College 3,State 2,6,Feedback from participant 54,participant54@example.com,123-456-7893,2023-01-03 05:00:00
P55,4,Track A,College 1,State 2,1,Feedback from participant 55,participant55@example.com,123-456-7894,2023-01-03 06:00:00
P56,1,Track D,College 1,State 1,8,Feedback from participant 56,participant56@example.com,123-456-7895,2023-01-03 07:00:00
P57,2,Track A,College 1,State 2,2,Feedback from participant 57,participant57@example.com,123-456-7896,2023-01-03 08:00:00
P58,3,Track D,College 2,State 3,1,Feedback from participant 58,participant58@example.com,123-456-7897,2023-01-03 09:00:00
P59,4,Track A,College 2,State 1,1,Feedback from participant 59,participant59@example.com,123-456-7898,2023-01-03 10:00:00
P60,3,Track C,College 3,State 1,7,Feedback from participant 60,participant60@example.com,123-456-7899,2023-01-03 11:00:00
P61,3,Track D,College 2,State 2,1,Feedback from participant 61,participant61@example.com,123-456-7890,2023-01-03 12:00:00
P62,1,Track D,College 1,State 3,3,Feedback from participant 62,participant62@example.com,123-456-7891,2023-01-03 13:00:00
P63,1,Track A,College 1,State 2,10,Feedback from participant 63,participant63@example.com,123-456-7892,2023-01-03 14:00:00
P64,3,Track B,College 2,State 3,10,Feedback from participant 64,participant64@example.com,123-456-7893,2023-01-03 15:00:00
P65,2,Track A,College 2,State 2,6,Feedback from participant 65,participant65@example.com,123-456-7894,2023-01-03 16:00:00
P66,1,Track A,College 1,State 2,10,Feedback from participant 66,participant66@example.com,123-456-7895,2023-01-03 17:00:00
P67,4,Track C,College 1,State 1,1,Feedback from participant 67,participant67@example.com,123-456-7896,2023-01-03 18:00:00
P68,1,Track C,College 1,State 3,10,Feedback from participant 68,participant68@example.com,123-456-7897,2023-01-03 19:00:00
P69,2,Track A,College 4,State 3,9,Feedback from participant 69,participant69@example.com,123-456-7898,2023-01-03 20:00:00
P70,2,Track B,College 1,State 2,9,Feedback from participant 70,participant70@example.com,123-456-7899,2023-01-03 21:00:00
P71,4,Track D,College 2,State 4,7,Feedback from participant 71,participant71@example.com,123-456-7890,2023-01-03 22:00:00
P72,2,Track B,College 2,State 1,3,Feedback from participant 72,participant72@example.com,123-456-7891,2023-01-03 23:00:00
P73,4,Track C,College 2,State 3,5,Feedback from participant 73,participant73@example.com,123-456-7892,2023-01-04 00:00:00
P74,1,Track C,College 4,State 4,8,Feedback from participant 74,participant74@example.com,123-456-7893,2023-01-04 01:00:00
P75,2,Track B,College 3,State 2,6,Feedback from participant 75,participant75@example.com,123-456-7894,2023-01-04 02:00:00
P76,1,Track A,College 2,State 2,6,Feedback from participant 76,participant76@example.com,123-456-7895,2023-01-04 03:00:00
P77,1,Track B,College 3,State 4,10,Feedback from participant 77,participant77@example.com,123-456-7896,2023-01-04 04:00:00
P78,2,Track D,College 1,State 1,3,Feedback from participant 78,participant78@example.com,123-456-7897,2023-01-04 05:00:00
P79,3,Track D,College 1,State 2,8,Feedback from participant 79,participant79@example.com,123-456-7898,2023-01-04 06:00:00
P80,3,Track D,College 1,State 1,6,Feedback from participant 80,participant80@example.com,123-456-7899,2023-01-04 07:00:00
P81,4,Track D,College 1,State 1,4,Feedback from participant 81,participant81@example.com,123-456-7890,2023-01-04 08:00:00
P82,4,Track C,College 4,State 1,8,Feedback from participant 82,participant82@example.com,123-456-7891,2023-01-04 09:00:00
P83,4,Track C,College 2,State 4,6,Feedback from participant 83,participant83@example.com,123-456-7892,2023-01-04 10:00:00
P84,2,Track B,College 2,State 1,4,Feedback from participant 84,participant84@example.com,123-456-7893,2023-01-04 11:00:00
P85,4,Track B,College 2,State 2,7,Feedback from participant 85,participant85@example.com,123-456-7894,2023-01-04 12:00:00
P86,3,Track A,College 1,State 1,2,Feedback from participant 86,participant86@example.com,123-456-7895,2023-01-04 13:00:00
P87,3,Track D,College 3,State 4,4,Feedback from participant 87,participant87@example.com,123-456-7896,2023-01-04 14:00:00
P88,2,Track B,College 3,State 3,10,Feedback from participant 88,participant88@example.com,123-456-7897,2023-01-04 15:00:00
P89,2,Track B,College 2,State 1,8,Feedback from participant 89,participant89@example.com,123-456-7898,2023-01-04 16:00:00
P90,3,Track D,College 3,State 2,6,Feedback from participant 90,participant90@example.com,123-456-7899,2023-01-04 17:00:00
P91,1,Track B,College 2,State 4,1,Feedback from participant 91,participant91@example.com,123-456-7890,2023-01-04 18:00:00
P92,2,Track D,College 3,State 1,1,Feedback from participant 92,participant92@example.com,123-456-7891,2023-01-04 19:00:00
P93,4,Track A,College 1,State 1,1,Feedback from participant 93,participant93@example.com,123-456-7892,2023-01-04 20:00:00
P94,2,Track D,College 1,State 4,3,Feedback from participant 94,participant94@example.com,123-456-7893,2023-01-04 21:00:00
P95,4,Track C,College 3,State 2,8,Feedback from participant 95,participant95@example.com,123-456-7894,2023-01-04 22:00:00
P96,2,Track C,College 2,State 2,9,Feedback from participant 96,participant96@example.com,123-456-7895,2023-01-04 23:00:00
P97,2,Track A,College 1,State 2,8,Feedback from participant 97,participant97@example.com,123-456-7896,2023-01-05 00:00:00
P98,3,Track B,College 1,State 2,8,Feedback from participant 98,participant98@example.com,123-456-7897,2023-01-05 01:00:00
P99,1,Track C,College 3,State 3,5,Feedback from participant 99,participant99@example.com,123-456-7898,2023-01-05 02:00:00
P100,2,Track C,College 1,State 2,8,Feedback from participant 100,participant100@example.com,123-456-7899,2023-01-05 03:00:00
P101,2,Track B,College 3,State 3,10,Feedback from participant 101,participant101@example.com,123-456-7890,2023-01-05 04:00:00
P102,1,Track B,College 1,State 1,6,Feedback from participant 102,participant102@example.com,123-456-7891,2023-01-05 05:00:00
P103,1,Track A,College 3,State 2,10,Feedback from participant 103,participant103@example.com,123-456-7892,2023-01-05 06:00:00
P104,3,Track A,College 3,State 2,5,Feedback from participant 104,participant104@example.com,123-456-7893,2023-01-05 07:00:00
P105,1,Track D,College 2,State 1,10,Feedback from participant 105,participant105@example.com,123-456-7894,2023-01-05 08:00:00
P106,1,Track B,College 3,State 2,8,Feedback from participant 106,participant106@example.com,123-456-7895,2023-01-05 09:00:00
P107,2,Track D,College 1,State 2,7,Feedback from participant 107,participant107@example.com,123-456-7896,2023-01-05 10:00:00
P108,3,Track C,College 3,State 3,4,Feedback from participant 108,participant108@example.com,123-456-7897,2023-01-05 11:00:00
P109,4,Track B,College 1,State 3,4,Feedback from participant 109,participant109@example.com,123-456-7898,2023-01-05 12:00:00
P110,4,Track B,College 1,State 3,8,Feedback from participant 110,participant110@example.com,123-456-7899,2023-01-05 13:00:00
P111,4,Track A,College 3,State 2,2,Feedback from participant 111,participant111@example.com,123-456-7890,2023-01-05 14:00:00
P112,4,Track A,College 3,State 4,1,Feedback from participant 112,participant112@example.com,123-456-7891,2023-01-05 15:00:00
P113,1,Track C,College 3,State 2,3,Feedback from participant 113,participant113@example.com,123-456-7892,2023-01-05 16:00:00
P114,4,Track A,College 2,State 3,7,Feedback from participant 114,participant114@example.com,123-456-7893,2023-01-05 17:00:00
P115,2,Track D,College 1,State 4,7,Feedback from participant 115,participant115@example.com,123-456-7894,2023-01-05 18:00:00
P116,3,Track B,College 2,State 4,2,Feedback from participant 116,participant116@example.com,123-456-7895,2023-01-05 19:00:00
P117,4,Track D,College 4,State 3,5,Feedback from participant 117,participant117@example.com,123-456-7896,2023-01-05 20:00:00
P118,3,Track B,College 3,State 1,8,Feedback from participant 118,participant118@example.com,123-456-7897,2023-01-05 21:00:00
P119,3,Track D,College 3,State 4,3,Feedback from participant 119,participant119@example.com,123-456-7898,2023-01-05 22:00:00
P120,4,Track D,College 2,State 2,1,Feedback from participant 120,participant120@example.com,123-456-7899,2023-01-05 23:00:00
P121,3,Track A,College 2,State 3,5,Feedback from participant 121,participant121@example.com,123-456-7890,2023-01-06 00:00:00
P122,2,Track A,College 4,State 2,10,Feedback from participant 122,participant122@example.com,123-456-7891,2023-01-06 01:00:00
P123,4,Track B,College 2,State 1,5,Feedback from participant 123,participant123@example.com,123-456-7892,2023-01-06 02:00:00
P124,2,Track B,College 4,State 4,2,Feedback from participant 124,participant124@example.com,123-456-7893,2023-01-06 03:00:00
P125,3,Track C,College 4,State 2,7,Feedback from participant 125,participant125@example.com,123-456-7894,2023-01-06 04:00:00
P126,2,Track B,College 1,State 3,8,Feedback from participant 126,participant126@example.com,123-456-7895,2023-01-06 05:00:00
P127,4,Track C,College 2,State 4,3,Feedback from participant 127,participant127@example.com,123-456-7896,2023-01-06 06:00:00
P128,3,Track D,College 3,State 1,8,Feedback from participant 128,participant128@example.com,123-456-7897,2023-01-06 07:00:00
P129,2,Track C,College 4,State 4,8,Feedback from participant 129,participant129@example.com,123-456-7898,2023-01-06 08:00:00
P130,3,Track B,College 1,State 1,7,Feedback from participant 130,participant130@example.com,123-456-7899,2023-01-06 09:00:00
P131,2,Track B,College 1,State 1,9,Feedback from participant 131,participant131@example.com,123-456-7890,2023-01-06 10:00:00
P132,2,Track C,College 1,State 2,8,Feedback from participant 132,participant132@example.com,123-456-7891,2023-01-06 11:00:00
P133,3,Track A,College 2,State 4,10,Feedback from participant 133,participant133@example.com,123-456-7892,2023-01-06 12:00:00
P134,4,Track C,College 4,State 3,8,Feedback from participant 134,participant134@example.com,123-456-7893,2023-01-06 13:00:00
P135,3,Track B,College 4,State 2,4,Feedback from participant 135,participant135@example.com,123-456-7894,2023-01-06 14:00:00
P136,2,Track B,College 2,State 2,8,Feedback from participant 136,participant136@example.com,123-456-7895,2023-01-06 15:00:00
P137,3,Track A,College 2,State 2,6,Feedback from participant 137,participant137@example.com,123-456-7896,2023-01-06 16:00:00
P138,2,Track C,College 4,State 3,1,Feedback from participant 138,participant138@example.com,123-456-7897,2023-01-06 17:00:00
P139,3,Track C,College 1,State 1,9,Feedback from participant 139,participant139@example.com,123-456-7898,2023-01-06 18:00:00
P140,2,Track B,College 4,State 2,4,Feedback from participant 140,participant140@example.com,123-456-7899,2023-01-06 19:00:00
P141,3,Track A,College 3,State 4,7,Feedback from participant 141,participant141@example.com,123-456-7890,2023-01-06 20:00:00
P142,2,Track B,College 2,State 1,10,Feedback from participant 142,participant142@example.com,123-456-7891,2023-01-06 21:00:00
P143,2,Track D,College 4,State 4,5,Feedback from participant 143,participant143@example.com,123-456-7892,2023-01-06 22:00:00
P144,3,Track B,College 4,State 2,7,Feedback from participant 144,participant144@example.com,123-456-7893,2023-01-06 23:00:00
P145,3,Track A,College 1,State 3,2,Feedback from participant 145,participant145@example.com,123-456-7894,2023-01-07 00:00:00
P146,1,Track D,College 3,State 3,6,Feedback from participant 146,participant146@example.com,123-456-7895,2023-01-07 01:00:00
P147,2,Track C,College 3,State 3,5,Feedback from participant 147,participant147@example.com,123-456-7896,2023-01-07 02:00:00
P148,4,Track C,College 1,State 4,9,Feedback from participant 148,participant148@example.com,123-456-7897,2023-01-07 03:00:00
P149,1,Track A,College 3,State 2,5,Feedback from participant 149,participant149@example.com,123-456-7898,2023-01-07 04:00:00
P150,4,Track D,College 3,State 2,3,Feedback from participant 150,participant150@example.com,123-456-7899,2023-01-07 05:00:00
P151,2,Track D,College 3,State 1,6,Feedback from participant 151,participant151@example.com,123-456-7890,2023-01-07 06:00:00
P152,2,Track B,College 1,State 4,5,Feedback from participant 152,participant152@example.com,123-456-7891,2023-01-07 07:00:00
P153,3,Track A,College 3,State 4,3,Feedback from participant 153,participant153@example.com,123-456-7892,2023-01-07 08:00:00
P154,2,Track A,College 4,State 1,3,Feedback from participant 154,participant154@example.com,123-456-7893,2023-01-07 09:00:00
P155,4,Track A,College 3,State 2,9,Feedback from participant 155,participant155@example.com,123-456-7894,2023-01-07 10:00:00
P156,2,Track D,College 3,State 2,3,Feedback from participant 156,participant156@example.com,123-456-7895,2023-01-07 11:00:00
P157,2,Track D,College 4,State 1,2,Feedback from participant 157,participant157@example.com,123-456-7896,2023-01-07 12:00:00
P158,2,Track B,College 3,State 2,7,Feedback from participant 158,participant158@example.com,123-456-7897,2023-01-07 13:00:00
P159,4,Track D,College 4,State 3,6,Feedback from participant 159,participant159@example.com,123-456-7898,2023-01-07 14:00:00
P160,4,Track A,College 4,State 3,3,Feedback from participant 160,participant160@example.com,123-456-7899,2023-01-07 15:00:00
P161,3,Track C,College 2,State 1,10,Feedback from participant 161,participant161@example.com,123-456-7890,2023-01-07 16:00:00
P162,2,Track D,College 4,State 1,6,Feedback from participant 162,participant162@example.com,123-456-7891,2023-01-07 17:00:00
P163,2,Track B,College 1,State 4,8,Feedback from participant 163,participant163@example.com,123-456-7892,2023-01-07 18:00:00
P164,1,Track B,College 1,State 4,3,Feedback from participant 164,participant164@example.com,123-456-7893,2023-01-07 19:00:00
P165,3,Track C,College 4,State 1,8,Feedback from participant 165,participant165@example.com,123-456-7894,2023-01-07 20:00:00
P166,3,Track B,College 1,State 1,1,Feedback from participant 166,participant166@example.com,123-456-7895,2023-01-07 21:00:00
P167,3,Track A,College 2,State 4,1,Feedback from participant 167,participant167@example.com,123-456-7896,2023-01-07 22:00:00
P168,3,Track A,College 4,State 3,4,Feedback from participant 168,participant168@example.com,123-456-7897,2023-01-07 23:00:00
P169,1,Track C,College 1,State 3,5,Feedback from participant 169,participant169@example.com,123-456-7898,2023-01-08 00:00:00
P170,3,Track D,College 4,State 1,5,Feedback from participant 170,participant170@example.com,123-456-7899,2023-01-08 01:00:00
P171,2,Track D,College 4,State 1,2,Feedback from participant 171,participant171@example.com,123-456-7890,2023-01-08 02:00:00
P172,3,Track C,College 1,State 2,2,Feedback from participant 172,participant172@example.com,123-456-7891,2023-01-08 03:00:00
P173,3,Track A,College 2,State 4,8,Feedback from participant 173,participant173@example.com,123-456-7892,2023-01-08 04:00:00
P174,1,Track A,College 1,State 3,3,Feedback from participant 174,participant174@example.com,123-456-7893,2023-01-08 05:00:00
P175,4,Track B,College 1,State 1,7,Feedback from participant 175,participant175@example.com,123-456-7894,2023-01-08 06:00:00
P176,1,Track B,College 2,State 3,7,Feedback from participant 176,participant176@example.com,123-456-7895,2023-01-08 07:00:00
P177,3,Track B,College 4,State 1,8,Feedback from participant 177,participant177@example.com,123-456-7896,2023-01-08 08:00:00
P178,1,Track D,College 3,State 2,1,Feedback from participant 178,participant178@example.com,123-456-7897,2023-01-08 09:00:00
P179,3,Track D,College 1,State 2,6,Feedback from participant 179,participant179@example.com,123-456-7898,2023-01-08 10:00:00
P180,1,Track D,College 1,State 3,4,Feedback from participant 180,participant180@example.com,123-456-7899,2023-01-08 11:00:00
P181,4,Track C,College 2,State 1,5,Feedback from participant 181,participant181@example.com,123-456-7890,2023-01-08 12:00:00
P182,3,Track C,College 4,State 4,1,Feedback from participant 182,participant182@example.com,123-456-7891,2023-01-08 13:00:00
P183,1,Track D,College 3,State 4,9,Feedback from participant 183,participant183@example.com,123-456-7892,2023-01-08 14:00:00
P184,4,Track A,College 4,State 2,7,Feedback from participant 184,participant184@example.com,123-456-7893,2023-01-08 15:00:00
P185,3,Track A,College 3,State 3,7,Feedback from participant 185,participant185@example.com,123-456-7894,2023-01-08 16:00:00
P186,1,Track A,College 4,State 2,8,Feedback from participant 186,participant186@example.com,123-456-7895,2023-01-08 17:00:00
P187,4,Track B,College 1,State 3,3,Feedback from participant 187,participant187@example.com,123-456-7896,2023-01-08 18:00:00
P188,3,Track C,College 1,State 4,4,Feedback from participant 188,participant188@example.com,123-456-7897,2023-01-08 19:00:00
P189,4,Track D,College 1,State 4,5,Feedback from participant 189,participant189@example.com,123-456-7898,2023-01-08 20:00:00
P190,4,Track D,College 3,State 1,9,Feedback from participant 190,participant190@example.com,123-456-7899,2023-01-08 21:00:00
P191,3,Track D,College 3,State 1,1,Feedback from participant 191,participant191@example.com,123-456-7890,2023-01-08 22:00:00
P192,1,Track B,College 2,State 1,5,Feedback from participant 192,participant192@example.com,123-456-7891,2023-01-08 23:00:00
P193,2,Track D,College 2,State 3,4,Feedback from participant 193,participant193@example.com,123-456-7892,2023-01-09 00:00:00
P194,4,Track B,College 1,State 2,4,Feedback from participant 194,participant194@example.com,123-456-7893,2023-01-09 01:00:00
P195,4,Track B,College 1,State 1,6,Feedback from participant 195,participant195@example.com,123-456-7894,2023-01-09 02:00:00
P196,2,Track A,College 1,State 3,10,Feedback from participant 196,participant196@example.com,123-456-7895,2023-01-09 03:00:00
P197,2,Track C,College 1,State 3,2,Feedback from participant 197,participant197@example.com,123-456-7896,2023-01-09 04:00:00
P198,4,Track C,College 2,State 2,1,Feedback from participant 198,participant198@example.com,123-456-7897,2023-01-09 05:00:00
P199,2,Track B,College 3,State 4,4,Feedback from participant 199,participant199@example.com,123-456-7898,2023-01-09 06:00:00
P200,1,Track B,College 1,State 4,9,Feedback from participant 200,participant200@example.com,123-456-7899,2023-01-09 07:00:00
P201,4,Track A,College 3,State 1,7,Feedback from participant 201,participant201@example.com,123-456-7890,2023-01-09 08:00:00
P202,2,Track B,College 4,State 4,3,Feedback from participant 202,participant202@example.com,123-456-7891,2023-01-09 09:00:00
P203,1,Track C,College 1,State 2,2,Feedback from participant 203,participant203@example.com,123-456-7892,2023-01-09 10:00:00
P204,4,Track A,College 1,State 1,9,Feedback from participant 204,participant204@example.com,123-456-7893,2023-01-09 11:00:00
P205,3,Track C,College 2,State 2,8,Feedback from participant 205,participant205@example.com,123-456-7894,2023-01-09 12:00:00
P206,2,Track B,College 1,State 4,2,Feedback from participant 206,participant206@example.com,123-456-7895,2023-01-09 13:00:00
P207,2,Track A,College 4,State 1,3,Feedback from participant 207,participant207@example.com,123-456-7896,2023-01-09 14:00:00
P208,2,Track D,College 1,State 3,1,Feedback from participant 208,participant208@example.com,123-456-7897,2023-01-09 15:00:00
P209,3,Track C,College 2,State 2,6,Feedback from participant 209,participant209@example.com,123-456-7898,2023-01-09 16:00:00
P210,3,Track C,College 2,State 3,7,Feedback from participant 210,participant210@example.com,123-456-7899,2023-01-09 17:00:00
P211,2,Track A,College 3,State 4,9,Feedback from participant 211,participant211@example.com,123-456-7890,2023-01-09 18:00:00
P212,3,Track D,College 4,State 3,1,Feedback from participant 212,participant212@example.com,123-456-7891,2023-01-09 19:00:00
P213,3,Track A,College 1,State 4,1,Feedback from participant 213,participant213@example.com,123-456-7892,2023-01-09 20:00:00
P214,1,Track C,College 1,State 3,1,Feedback from participant 214,participant214@example.com,123-456-7893,2023-01-09 21:00:00
P215,2,Track D,College 4,State 2,7,Feedback from participant 215,participant215@example.com,123-456-7894,2023-01-09 22:00:00
P216,3,Track A,College 4,State 1,4,Feedback from participant 216,participant216@example.com,123-456-7895,2023-01-09 23:00:00
P217,2,Track A,College 1,State 2,9,Feedback from participant 217,participant217@example.com,123-456-7896,2023-01-10 00:00:00
P218,2,Track C,College 4,State 3,8,Feedback from participant 218,participant218@example.com,123-456-7897,2023-01-10 01:00:00
P219,3,Track B,College 1,State 4,7,Feedback from participant 219,participant219@example.com,123-456-7898,2023-01-10 02:00:00
P220,3,Track A,College 4,State 2,5,Feedback from participant 220,participant220@example.com,123-456-7899,2023-01-10 03:00:00
P221,3,Track B,College 1,State 1,10,Feedback from participant 221,participant221@example.com,123-456-7890,2023-01-10 04:00:00
P222,2,Track D,College 4,State 2,4,Feedback from participant 222,participant222@example.com,123-456-7891,2023-01-10 05:00:00
P223,2,Track A,College 3,State 4,3,Feedback from participant 223,participant223@example.com,123-456-7892,2023-01-10 06:00:00
P224,3,Track A,College 4,State 3,8,Feedback from participant 224,participant224@example.com,123-456-7893,2023-01-10 07:00:00
P225,3,Track A,College 4,State 3,2,Feedback from participant 225,participant225@example.com,123-456-7894,2023-01-10 08:00:00
P226,2,Track A,College 2,State 2,8,Feedback from participant 226,participant226@example.com,123-456-7895,2023-01-10 09:00:00
P227,1,Track C,College 2,State 1,4,Feedback from participant 227,participant227@example.com,123-456-7896,2023-01-10 10:00:00
P228,3,Track C,College 3,State 2,10,Feedback from participant 228,participant228@example.com,123-456-7897,2023-01-10 11:00:00
P229,1,Track C,College 3,State 4,6,Feedback from participant 229,participant229@example.com,123-456-7898,2023-01-10 12:00:00
P230,1,Track D,College 2,State 4,1,Feedback from participant 230,participant230@example.com,123-456-7899,2023-01-10 13:00:00
P231,2,Track D,College 1,State 1,3,Feedback from participant 231,participant231@example.com,123-456-7890,2023-01-10 14:00:00
P232,3,Track B,College 3,State 1,1,Feedback from participant 232,participant232@example.com,123-456-7891,2023-01-10 15:00:00
P233,2,Track A,College 1,State 4,5,Feedback from participant 233,participant233@example.com,123-456-7892,2023-01-10 16:00:00
P234,3,Track B,College 2,State 3,5,Feedback from participant 234,participant234@example.com,123-456-7893,2023-01-10 17:00:00
P235,3,Track B,College 2,State 3,4,Feedback from participant 235,participant235@example.com,123-456-7894,2023-01-10 18:00:00
P236,2,Track D,College 1,State 1,4,Feedback from participant 236,participant236@example.com,123-456-7895,2023-01-10 19:00:00
P237,2,Track C,College 4,State 4,6,Feedback from participant 237,participant237@example.com,123-456-7896,2023-01-10 20:00:00
P238,1,Track C,College 1,State 2,1,Feedback from participant 238,participant238@example.com,123-456-7897,2023-01-10 21:00:00
P239,3,Track B,College 1,State 4,4,Feedback from participant 239,participant239@example.com,123-456-7898,2023-01-10 22:00:00
P240,2,Track C,College 1,State 4,1,Feedback from participant 240,participant240@example.com,123-456-7899,2023-01-10 23:00:00
P241,1,Track C,College 3,State 4,4,Feedback from participant 241,participant241@example.com,123-456-7890,2023-01-11 00:00:00
P242,3,Track B,College 4,State 4,9,Feedback from participant 242,participant242@example.com,123-456-7891,2023-01-11 01:00:00
P243,2,Track A,College 3,State 4,1,Feedback from participant 243,participant243@example.com,123-456-7892,2023-01-11 02:00:00
P244,4,Track C,College 2,State 2,7,Feedback from participant 244,participant244@example.com,123-456-7893,2023-01-11 03:00:00
P245,3,Track A,College 4,State 1,2,Feedback from participant 245,participant245@example.com,123-456-7894,2023-01-11 04:00:00
P246,2,Track C,College 1,State 1,1,Feedback from participant 246,participant246@example.com,123-456-7895,2023-01-11 05:00:00
P247,2,Track C,College 1,State 2,7,Feedback from participant 247,participant247@example.com,123-456-7896,2023-01-11 06:00:00
P248,4,Track B,College 1,State 4,1,Feedback from participant 248,participant248@example.com,123-456-7897,2023-01-11 07:00:00
P249,3,Track B,College 2,State 1,2,Feedback from participant 249,participant249@example.com,123-456-7898,2023-01-11 08:00:00
P250,3,Track D,College 2,State 1,3,Feedback from participant 250,participant250@example.com,123-456-7899,2023-01-11 09:00:00
P251,1,Track D,College 4,State 1,9,Feedback from participant 251,participant251@example.com,123-456-7890,2023-01-11 10:00:00
P252,4,Track B,College 4,State 4,8,Feedback from participant 252,participant252@example.com,123-456-7891,2023-01-11 11:00:00
P253,4,Track D,College 3,State 1,9,Feedback from participant 253,participant253@example.com,123-456-7892,2023-01-11 12:00:00
P254,4,Track C,College 4,State 1,5,Feedback from participant 254,participant254@example.com,123-456-7893,2023-01-11 13:00:00
P255,4,Track A,College 4,State 1,10,Feedback from participant 255,participant255@example.com,123-456-7894,2023-01-11 14:00:00
P256,1,Track A,College 4,State 2,3,Feedback from participant 256,participant256@example.com,123-456-7895,2023-01-11 15:00:00
P257,2,Track C,College 2,State 3,1,Feedback from participant 257,participant257@example.com,123-456-7896,2023-01-11 16:00:00
P258,2,Track C,College 4,State 1,3,Feedback from participant 258,participant258@example.com,123-456-7897,2023-01-11 17:00:00
P259,3,Track C,College 2,State 4,9,Feedback from participant 259,participant259@example.com,123-456-7898,2023-01-11 18:00:00
P260,2,Track A,College 3,State 1,6,Feedback from participant 260,participant260@example.com,123-456-7899,2023-01-11 19:00:00
P261,4,Track B,College 3,State 3,10,Feedback from participant 261,participant261@example.com,123-456-7890,2023-01-11 20:00:00
P262,3,Track B,College 4,State 3,8,Feedback from participant 262,participant262@example.com,123-456-7891,2023-01-11 21:00:00
P263,1,Track B,College 4,State 4,8,Feedback from participant 263,participant263@example.com,123-456-7892,2023-01-11 22:00:00
P264,3,Track C,College 1,State 4,8,Feedback from participant 264,participant264@example.com,123-456-7893,2023-01-11 23:00:00
P265,3,Track B,College 3,State 3,1,Feedback from participant 265,participant265@example.com,123-456-7894,2023-01-12 00:00:00
P266,1,Track D,College 3,State 4,10,Feedback from participant 266,participant266@example.com,123-456-7895,2023-01-12 01:00:00
P267,4,Track A,College 2,State 2,3,Feedback from participant 267,participant267@example.com,123-456-7896,2023-01-12 02:00:00
P268,3,Track A,College 2,State 1,10,Feedback from participant 268,participant268@example.com,123-456-7897,2023-01-12 03:00:00
P269,2,Track C,College 4,State 2,9,Feedback from participant 269,participant269@example.com,123-456-7898,2023-01-12 04:00:00
P270,3,Track D,College 2,State 3,5,Feedback from participant 270,participant270@example.com,123-456-7899,2023-01-12 05:00:00
P271,1,Track A,College 4,State 1,8,Feedback from participant 271,participant271@example.com,123-456-7890,2023-01-12 06:00:00
P272,1,Track C,College 4,State 3,4,Feedback from participant 272,participant272@example.com,123-456-7891,2023-01-12 07:00:00
P273,4,Track A,College 2,State 1,10,Feedback from participant 273,participant273@example.com,123-456-7892,2023-01-12 08:00:00
P274,3,Track A,College 3,State 1,6,Feedback from participant 274,participant274@example.com,123-456-7893,2023-01-12 09:00:00
P275,4,Track C,College 4,State 3,8,Feedback from participant 275,participant275@example.com,123-456-7894,2023-01-12 10:00:00
P276,4,Track A,College 1,State 2,8,Feedback from participant 276,participant276@example.com,123-456-7895,2023-01-12 11:00:00
P277,2,Track A,College 2,State 3,4,Feedback from participant 277,participant277@example.com,123-456-7896,2023-01-12 12:00:00
P278,4,Track A,College 4,State 4,5,Feedback from participant 278,participant278@example.com,123-456-7897,2023-01-12 13:00:00
P279,3,Track A,College 3,State 3,4,Feedback from participant 279,participant279@example.com,123-456-7898,2023-01-12 14:00:00
P280,2,Track A,College 3,State 4,1,Feedback from participant 280,participant280@example.com,123-456-7899,2023-01-12 15:00:00
P281,4,Track D,College 2,State 3,10,Feedback from participant 281,participant281@example.com,123-456-7890,2023-01-12 16:00:00
P282,4,Track C,College 1,State 2,3,Feedback from participant 282,participant282@example.com,123-456-7891,2023-01-12 17:00:00
P283,3,Track A,College 4,State 3,7,Feedback from participant 283,participant283@example.com,123-456-7892,2023-01-12 18:00:00
P284,2,Track A,College 4,State 4,9,Feedback from participant 284,participant284@example.com,123-456-7893,2023-01-12 19:00:00
P285,2,Track C,College 3,State 2,7,Feedback from participant 285,participant285@example.com,123-456-7894,2023-01-12 20:00:00
P286,3,Track C,College 1,State 4,5,Feedback from participant 286,participant286@example.com,123-456-7895,2023-01-12 21:00:00
P287,1,Track D,College 4,State 4,4,Feedback from participant 287,participant287@example.com,123-456-7896,2023-01-12 22:00:00
P288,4,Track A,College 3,State 3,8,Feedback from participant 288,participant288@example.com,123-456-7897,2023-01-12 23:00:00
P289,3,Track B,College 2,State 4,7,Feedback from participant 289,participant289@example.com,123-456-7898,2023-01-13 00:00:00
P290,4,Track B,College 1,State 2,6,Feedback from participant 290,participant290@example.com,123-456-7899,2023-01-13 01:00:00
P291,1,Track A,College 3,State 3,5,Feedback from participant 291,participant291@example.com,123-456-7890,2023-01-13 02:00:00
P292,3,Track B,College 3,State 1,3,Feedback from participant 292,participant292@example.com,123-456-7891,2023-01-13 03:00:00
P293,3,Track A,College 1,State 3,2,Feedback from participant 293,participant293@example.com,123-456-7892,2023-01-13 04:00:00
P294,4,Track C,College 1,State 2,7,Feedback from participant 294,participant294@example.com,123-456-7893,2023-01-13 05:00:00
P295,1,Track D,College 3,State 3,1,Feedback from participant 295,participant295@example.com,123-456-7894,2023-01-13 06:00:00
P296,1,Track A,College 3,State 3,5,Feedback from participant 296,participant296@example.com,123-456-7895,2023-01-13 07:00:00
P297,1,Track D,College 3,State 1,10,Feedback from participant 297,participant297@example.com,123-456-7896,2023-01-13 08:00:00
P298,1,Track C,College 1,State 1,2,Feedback from participant 298,participant298@example.com,123-456-7897,2023-01-13 09:00:00
P299,1,Track B,College 3,State 3,4,Feedback from participant 299,participant299@example.com,123-456-7898,2023-01-13 10:00:00
P300,2,Track B,College 4,State 1,7,Feedback from participant 300,participant300@example.com,123-456-7899,2023-01-13 11:00:00
P301,4,Track D,College 4,State 3,5,Feedback from participant 301,participant301@example.com,123-456-7890,2023-01-13 12:00:00
P302,4,Track B,College 3,State 1,9,Feedback from participant 302,participant302@example.com,123-456-7891,2023-01-13 13:00:00
P303,1,Track C,College 1,State 2,3,Feedback from participant 303,participant303@example.com,123-456-7892,2023-01-13 14:00:00
P304,4,Track A,College 4,State 3,5,Feedback from participant 304,participant304@example.com,123-456-7893,2023-01-13 15:00:00
P305,1,Track B,College 4,State 2,5,Feedback from participant 305,participant305@example.com,123-456-7894,2023-01-13 16:00:00
P306,4,Track C,College 3,State 2,7,Feedback from participant 306,participant306@example.com,123-456-7895,2023-01-13 17:00:00
P307,4,Track C,College 1,State 3,3,Feedback from participant 307,participant307@example.com,123-456-7896,2023-01-13 18:00:00
P308,3,Track D,College 4,State 1,10,Feedback from participant 308,participant308@example.com,123-456-7897,2023-01-13 19:00:00
P309,3,Track D,College 1,State 1,5,Feedback from participant 309,participant309@example.com,123-456-7898,2023-01-13 20:00:00
P310,2,Track B,College 1,State 3,8,Feedback from participant 310,participant310@example.com,123-456-7899,2023-01-13 21:00:00
P311,1,Track B,College 3,State 1,4,Feedback from participant 311,participant311@example.com,123-456-7890,2023-01-13 22:00:00
P312,4,Track D,College 4,State 3,3,Feedback from participant 312,participant312@example.com,123-456-7891,2023-01-13 23:00:00
P313,2,Track A,College 4,State 3,9,Feedback from participant 313,participant313@example.com,123-456-7892,2023-01-14 00:00:00
P314,2,Track C,College 4,State 4,2,Feedback from participant 314,participant314@example.com,123-456-7893,2023-01-14 01:00:00
P315,2,Track D,College 1,State 2,1,Feedback from participant 315,participant315@example.com,123-456-7894,2023-01-14 02:00:00
P316,4,Track D,College 3,State 3,3,Feedback from participant 316,participant316@example.com,123-456-7895,2023-01-14 03:00:00
P317,2,Track C,College 4,State 1,5,Feedback from participant 317,participant317@example.com,123-456-7896,2023-01-14 04:00:00
P318,2,Track D,College 4,State 1,5,Feedback from participant 318,participant318@example.com,123-456-7897,2023-01-14 05:00:00
P319,2,Track B,College 4,State 1,6,Feedback from participant 319,participant319@example.com,123-456-7898,2023-01-14 06:00:00
P320,3,Track B,College 1,State 1,10,Feedback from participant 320,participant320@example.com,123-456-7899,2023-01-14 07:00:00
P321,1,Track B,College 1,State 3,8,Feedback from participant 321,participant321@example.com,123-456-7890,2023-01-14 08:00:00
P322,2,Track B,College 3,State 3,1,Feedback from participant 322,participant322@example.com,123-456-7891,2023-01-14 09:00:00
P323,3,Track A,College 1,State 3,3,Feedback from participant 323,participant323@example.com,123-456-7892,2023-01-14 10:00:00
P324,3,Track A,College 3,State 3,4,Feedback from participant 324,participant324@example.com,123-456-7893,2023-01-14 11:00:00
P325,2,Track C,College 1,State 2,10,Feedback from participant 325,participant325@example.com,123-456-7894,2023-01-14 12:00:00
P326,3,Track B,College 4,State 1,6,Feedback from participant 326,participant326@example.com,123-456-7895,2023-01-14 13:00:00
P327,3,Track D,College 1,State 4,2,Feedback from participant 327,participant327@example.com,123-456-7896,2023-01-14 14:00:00
P328,4,Track A,College 1,State 2,1,Feedback from participant 328,participant328@example.com,123-456-7897,2023-01-14 15:00:00
P329,4,Track B,College 4,State 2,8,Feedback from participant 329,participant329@example.com,123-456-7898,2023-01-14 16:00:00
P330,2,Track A,College 1,State 4,1,Feedback from participant 330,participant330@example.com,123-456-7899,2023-01-14 17:00:00
P331,1,Track B,College 3,State 1,7,Feedback from participant 331,participant331@example.com,123-456-7890,2023-01-14 18:00:00
P332,4,Track A,College 3,State 3,2,Feedback from participant 332,participant332@example.com,123-456-7891,2023-01-14 19:00:00
P333,2,Track B,College 3,State 1,4,Feedback from participant 333,participant333@example.com,123-456-7892,2023-01-14 20:00:00
P334,3,Track C,College 1,State 2,9,Feedback from participant 334,participant334@example.com,123-456-7893,2023-01-14 21:00:00
P335,4,Track A,College 4,State 3,5,Feedback from participant 335,participant335@example.com,123-456-7894,2023-01-14 22:00:00
P336,3,Track A,College 1,State 3,7,Feedback from participant 336,participant336@example.com,123-456-7895,2023-01-14 23:00:00
P337,1,Track A,College 3,State 4,4,Feedback from participant 337,participant337@example.com,123-456-7896,2023-01-15 00:00:00
P338,3,Track C,College 1,State 2,1,Feedback from participant 338,participant338@example.com,123-456-7897,2023-01-15 01:00:00
P339,3,Track B,College 4,State 3,3,Feedback from participant 339,participant339@example.com,123-456-7898,2023-01-15 02:00:00
P340,4,Track C,College 3,State 2,2,Feedback from participant 340,participant340@example.com,123-456-7899,2023-01-15 03:00:00
P341,2,Track D,College 1,State 2,5,Feedback from participant 341,participant341@example.com,123-456-7890,2023-01-15 04:00:00
P342,3,Track C,College 1,State 4,10,Feedback from participant 342,participant342@example.com,123-456-7891,2023-01-15 05:00:00
P343,2,Track D,College 2,State 1,2,Feedback from participant 343,participant343@example.com,123-456-7892,2023-01-15 06:00:00
P344,1,Track C,College 3,State 3,3,Feedback from participant 344,participant344@example.com,123-456-7893,2023-01-15 07:00:00
P345,4,Track D,College 3,State 4,7,Feedback from participant 345,participant345@example.com,123-456-7894,2023-01-15 08:00:00
P346,1,Track A,College 3,State 3,3,Feedback from participant 346,participant346@example.com,123-456-7895,2023-01-15 09:00:00
P347,2,Track D,College 1,State 1,6,Feedback from participant 347,participant347@example.com,123-456-7896,2023-01-15 10:00:00
P348,4,Track A,College 2,State 3,9,Feedback from participant 348,participant348@example.com,123-456-7897,2023-01-15 11:00:00
P349,4,Track D,College 2,State 1,7,Feedback from participant 349,participant349@example.com,123-456-7898,2023-01-15 12:00:00
P350,1,Track C,College 4,State 2,2,Feedback from participant 350,participant350@example.com,123-456-7899,2023-01-15 13:00:00
P351,4,Track B,College 4,State 2,7,Feedback from participant 351,participant351@example.com,123-456-7890,2023-01-15 14:00:00
P352,4,Track C,College 1,State 2,4,Feedback from participant 352,participant352@example.com,123-456-7891,2023-01-15 15:00:00
P353,4,Track D,College 2,State 4,6,Feedback from participant 353,participant353@example.com,123-456-7892,2023-01-15 16:00:00
P354,2,Track C,College 3,State 1,10,Feedback from participant 354,participant354@example.com,123-456-7893,2023-01-15 17:00:00
P355,3,Track D,College 2,State 3,5,Feedback from participant 355,participant355@example.com,123-456-7894,2023-01-15 18:00:00
P356,3,Track B,College 3,State 2,2,Feedback from participant 356,participant356@example.com,123-456-7895,2023-01-15 19:00:00
P357,4,Track D,College 2,State 2,4,Feedback from participant 357,participant357@example.com,123-456-7896,2023-01-15 20:00:00
P358,3,Track C,College 1,State 3,7,Feedback from participant 358,participant358@example.com,123-456-7897,2023-01-15 21:00:00
P359,2,Track C,College 3,State 1,4,Feedback from participant 359,participant359@example.com,123-456-7898,2023-01-15 22:00:00
P360,4,Track B,College 1,State 3,7,Feedback from participant 360,participant360@example.com,123-456-7899,2023-01-15 23:00:00
P361,4,Track C,College 2,State 1,1,Feedback from participant 361,participant361@example.com,123-456-7890,2023-01-16 00:00:00
P362,1,Track D,College 2,State 4,6,Feedback from participant 362,participant362@example.com,123-456-7891,2023-01-16 01:00:00
P363,4,Track C,College 4,State 4,3,Feedback from participant 363,participant363@example.com,123-456-7892,2023-01-16 02:00:00
P364,2,Track D,College 1,State 2,7,Feedback from participant 364,participant364@example.com,123-456-7893,2023-01-16 03:00:00
P365,3,Track D,College 1,State 1,3,Feedback from participant 365,participant365@example.com,123-456-7894,2023-01-16 04:00:00
P366,3,Track C,College 4,State 1,1,Feedback from participant 366,participant366@example.com,123-456-7895,2023-01-16 05:00:00
P367,4,Track D,College 3,State 4,3,Feedback from participant 367,participant367@example.com,123-456-7896,2023-01-16 06:00:00
P368,3,Track D,College 3,State 2,7,Feedback from participant 368,participant368@example.com,123-456-7897,2023-01-16 07:00:00
P369,1,Track D,College 2,State 2,7,Feedback from participant 369,participant369@example.com,123-456-7898,2023-01-16 08:00:00
P370,1,Track A,College 4,State 1,10,Feedback from participant 370,participant370@example.com,123-456-7899,2023-01-16 09:00:00
P371,4,Track C,College 3,State 4,1,Feedback from participant 371,participant371@example.com,123-456-7890,2023-01-16 10:00:00
P372,4,Track B,College 1,State 2,10,Feedback from participant 372,participant372@example.com,123-456-7891,2023-01-16 11:00:00
P373,1,Track A,College 3,State 2,8,Feedback from participant 373,participant373@example.com,123-456-7892,2023-01-16 12:00:00
P374,2,Track B,College 2,State 3,10,Feedback from participant 374,participant374@example.com,123-456-7893,2023-01-16 13:00:00
P375,4,Track C,College 2,State 4,2,Feedback from participant 375,participant375@example.com,123-456-7894,2023-01-16 14:00:00
P376,1,Track C,College 1,State 3,2,Feedback from participant 376,participant376@example.com,123-456-7895,2023-01-16 15:00:00
P377,4,Track C,College 4,State 3,7,Feedback from participant 377,participant377@example.com,123-456-7896,2023-01-16 16:00:00
P378,2,Track C,College 3,State 2,7,Feedback from participant 378,participant378@example.com,123-456-7897,2023-01-16 17:00:00
P379,4,Track A,College 3,State 2,9,Feedback from participant 379,participant379@example.com,123-456-7898,2023-01-16 18:00:00
P380,3,Track D,College 2,State 3,2,Feedback from participant 380,participant380@example.com,123-456-7899,2023-01-16 19:00:00
P381,1,Track C,College 2,State 3,1,Feedback from participant 381,participant381@example.com,123-456-7890,2023-01-16 20:00:00
P382,1,Track C,College 3,State 4,10,Feedback from participant 382,participant382@example.com,123-456-7891,2023-01-16 21:00:00
P383,3,Track D,College 4,State 3,3,Feedback from participant 383,participant383@example.com,123-456-7892,2023-01-16 22:00:00
P384,1,Track A,College 3,State 2,5,Feedback from participant 384,participant384@example.com,123-456-7893,2023-01-16 23:00:00
P385,1,Track A,College 4,State 2,4,Feedback from participant 385,participant385@example.com,123-456-7894,2023-01-17 00:00:00
P386,4,Track A,College 2,State 1,1,Feedback from participant 386,participant386@example.com,123-456-7895,2023-01-17 01:00:00
P387,3,Track A,College 1,State 4,6,Feedback from participant 387,participant387@example.com,123-456-7896,2023-01-17 02:00:00
P388,2,Track D,College 3,State 2,10,Feedback from participant 388,participant388@example.com,123-456-7897,2023-01-17 03:00:00
P389,1,Track C,College 2,State 3,6,Feedback from participant 389,participant389@example.com,123-456-7898,2023-01-17 04:00:00
P390,1,Track D,College 2,State 4,4,Feedback from participant 390,participant390@example.com,123-456-7899,2023-01-17 05:00:00
P391,4,Track A,College 4,State 4,6,Feedback from participant 391,participant391@example.com,123-456-7890,2023-01-17 06:00:00
P392,4,Track B,College 3,State 1,6,Feedback from participant 392,participant392@example.com,123-456-7891,2023-01-17 07:00:00
P393,1,Track B,College 2,State 3,8,Feedback from participant 393,participant393@example.com,123-456-7892,2023-01-17 08:00:00
P394,4,Track B,College 3,State 4,7,Feedback from participant 394,participant394@example.com,123-456-7893,2023-01-17 09:00:00
P395,2,Track B,College 2,State 1,4,Feedback from participant 395,participant395@example.com,123-456-7894,2023-01-17 10:00:00
P396,2,Track A,College 2,State 2,9,Feedback from participant 396,participant396@example.com,123-456-7895,2023-01-17 11:00:00
P397,1,Track A,College 2,State 2,3,Feedback from participant 397,participant397@example.com,123-456-7896,2023-01-17 12:00:00
P398,3,Track D,College 3,State 2,2,Feedback from participant 398,participant398@example.com,123-456-7897,2023-01-17 13:00:00
P399,2,Track C,College 4,State 1,5,Feedback from participant 399,participant399@example.com,123-456-7898,2023-01-17 14:00:00
P400,1,Track C,College 1,State 1,7,Feedback from participant 400,participant400@example.com,123-456-7899,2023-01-17 15:00:00
