Participant ID,Name,Email,Day,Track,Rating,Feedback
P001,Carolyn Holder,nicholas32@example.org,Day 4,Cybersecurity,5,Never collection throw head fast somebody her.
P002,Nathan Knight,philip03@example.net,Day 1,AI & ML,1,Risk miss establish those.
P003,Brandon Oliver,hbradford@example.com,Day 3,Renewable Energy,4,Know voice thousand.
P004,Tanya Lopez,pharding@example.org,Day 4,Healthcare Tech,1,Town effort dog drive bag.
P005,George Ramirez,katherine47@example.com,Day 2,Healthcare Tech,1,Like pull school last.
P006,Chad Johnson,smithshari@example.org,Day 1,AI & ML,1,Any section national trial.
P007,Anthony Chapman,william36@example.net,Day 1,Renewable Energy,5,Sell amount themselves prove hope.
P008,Jamie Stone,haley79@example.com,Day 4,AI & ML,2,Individual draw language.
P009,Sheri Buck,jonathanparker@example.net,Day 3,Cybersecurity,5,Move scientist lose choice it single.
P010,Carolyn Taylor,juanlloyd@example.org,Day 2,Renewable Energy,4,Speech room agent clearly way.
P011,John Summers,susanwilcox@example.org,Day 1,AI & ML,2,Answer exist in guess benefit.
P012,Terry Gonzalez,christensendouglas@example.com,Day 4,Renewable Energy,2,Involve former defense point strong any current.
P013,Matthew Fisher,valerierivera@example.com,Day 4,Cybersecurity,5,Give quite condition.
P014,Marc Swanson,lindakelly@example.com,Day 3,Healthcare Tech,5,Myself human size address best.
P015,Amy Lang,wrightmelissa@example.org,Day 4,AI & ML,2,Present reach speak show our effort discover.
P016,Dennis Guerrero,teresamiller@example.com,Day 3,AI & ML,2,Action scientist whom green Democrat me.
P017,Nichole Campbell,abigailrodriguez@example.org,Day 1,AI & ML,3,Late executive black beat song.
P018,Emily Lindsey,smithtaylor@example.org,Day 3,Cybersecurity,5,Under land bill make sea kind company.
P019,Laura Murray,sjones@example.net,Day 2,Cybersecurity,5,Nor voice grow remember per under card.
P020,Wayne Duncan,gloriahernandez@example.com,Day 4,Healthcare Tech,1,Success debate front population should.
P021,John Harrison,carolynwilliams@example.net,Day 1,AI & ML,5,Account central treat safe nation may.
P022,Daniel Hahn,blevinsshelly@example.net,Day 4,AI & ML,2,Throw fish activity be voice four.
P023,Philip Jenkins,ryan86@example.com,Day 4,Cybersecurity,1,Attorney great give hundred role structure.
P024,Nancy Carter,vazquezandrew@example.org,Day 3,Cybersecurity,1,Suddenly edge adult build image from.
P025,Omar Roth,kingvalerie@example.net,Day 4,AI & ML,3,No fund language believe field cultural.
P026,John Cruz,probinson@example.net,Day 4,Cybersecurity,5,Keep meet American close hand little.
P027,Scott Walker,samanthawaters@example.org,Day 4,AI & ML,2,Own air assume image environmental serve similar.
P028,Kayla Herrera,vanessafowler@example.org,Day 1,Renewable Energy,3,How quite maintain skin.
P029,Tammy Dunlap,josephlyons@example.org,Day 3,Renewable Energy,2,Movie painting house concern effort actually money.
P030,David Miller,julia95@example.org,Day 4,Healthcare Tech,2,War turn note any Congress someone imagine.
P031,Patricia Mccarty,fpatterson@example.com,Day 4,Healthcare Tech,2,Investment bit run fire senior behavior scientist where.
P032,Stephen Wright,webbjerry@example.com,Day 1,Healthcare Tech,4,Reach page street along.
P033,Christopher Torres,rachelswanson@example.com,Day 1,AI & ML,2,Yet north soldier trade traditional.
P034,Donald Perez,jennifer16@example.com,Day 3,AI & ML,2,Stuff two assume bill million behind management.
P035,Lori Richards,brownsamantha@example.net,Day 4,Healthcare Tech,5,At individual possible.
P036,Douglas Landry,hebertsamantha@example.net,Day 4,Renewable Energy,3,Personal yeah arrive great.
P037,Javier Salas,darlenenelson@example.com,Day 3,Renewable Energy,2,Yet career director piece foot technology available cause.
P038,Joseph Johnson,lindsay73@example.net,Day 2,Renewable Energy,5,Happy which look music major operation account.
P039,Vanessa Hodges,randyrichardson@example.org,Day 4,Healthcare Tech,3,Clear network indeed reduce in along fact foot.
P040,James Myers,alison90@example.org,Day 3,Healthcare Tech,1,Politics any voice reveal group mother.
P041,Mark Benson,briangilbert@example.org,Day 1,Renewable Energy,5,Guess end learn rule finally hot administration while.
P042,Brenda Harper,wesley86@example.net,Day 1,AI & ML,5,Bill owner way face design factor history.
P043,Erin Bush,tararodriguez@example.org,Day 3,Cybersecurity,1,Wonder land big light little such government.
P044,Crystal Bauer,sgross@example.org,Day 2,Cybersecurity,4,Skill do play trouble employee get purpose.
P045,Christian Torres,uwheeler@example.com,Day 1,Healthcare Tech,3,Must country wish.
P046,Jose Phillips,martinezronnie@example.com,Day 4,AI & ML,4,Style short can western garden something blood.
P047,Kathleen Carr,hallthomas@example.com,Day 4,Cybersecurity,2,Image dark head always Mr test child.
P048,Dr. Ronald Sparks,fzuniga@example.com,Day 1,AI & ML,1,Continue film customer shake sense system member job.
P049,Michael Anderson,jpark@example.net,Day 1,Cybersecurity,2,Sea if up school can couple job.
P050,Julie Tyler,mendozagary@example.net,Day 2,Renewable Energy,3,Citizen military fund either now decision.
P051,Christopher Johnson,fmacias@example.net,Day 2,Renewable Energy,5,Lead major form unit among operation.
P052,Alexandra Mays,klinebailey@example.com,Day 2,Cybersecurity,1,Body small type foreign.
P053,Kelly Schroeder,meganchandler@example.net,Day 1,Cybersecurity,5,Season never customer have exactly.
P054,Raymond Harrison,millerkim@example.org,Day 1,Healthcare Tech,5,Impact structure price area else trouble institution peace.
P055,James Wood,aroberts@example.com,Day 1,Cybersecurity,2,Loss meet member picture after.
P056,Caleb Burnett,loganhess@example.net,Day 1,Renewable Energy,3,Same able national heavy.
P057,Jamie Harding,angietodd@example.org,Day 4,Cybersecurity,4,Thousand machine never evening.
P058,Lawrence Davis,derek18@example.net,Day 1,AI & ML,3,Simply computer around.
P059,Crystal Collins,hoovermaria@example.net,Day 3,Healthcare Tech,2,Not our third reflect important.
P060,Daniel Smith,silvaheather@example.com,Day 3,Healthcare Tech,1,Election add sound dinner.
P061,Wendy Kramer,ypittman@example.net,Day 4,Cybersecurity,5,Already agent trouble letter answer.
P062,Donald Graves,zgonzalez@example.net,Day 4,Healthcare Tech,1,Republican environmental feeling treatment church interest.
P063,Jordan Macdonald,brownashley@example.org,Day 2,Cybersecurity,5,Type toward artist fear part top.
P064,John Schaefer,drakebrett@example.net,Day 1,Renewable Energy,1,Party pick threat just media player.
P065,Matthew Tyler,melissacontreras@example.net,Day 3,Renewable Energy,2,Can often space least window.
P066,Catherine Martin MD,teresa38@example.com,Day 2,AI & ML,1,Happen see often bar itself.
P067,James Adams,jeancooper@example.org,Day 1,Cybersecurity,1,Door question front.
P068,Jeffrey Herrera,cpham@example.com,Day 3,Healthcare Tech,1,Themselves center last.
P069,Jared Brown,michellemiller@example.com,Day 1,Renewable Energy,5,Actually ball subject skin inside bit.
P070,Jeremy Holloway,duartejonathon@example.net,Day 3,Healthcare Tech,3,Sense continue artist sit director.
P071,Andre Jones,tiffany51@example.org,Day 1,AI & ML,4,Full since still yeah.
P072,Collin Daugherty,smithstephanie@example.net,Day 2,Renewable Energy,3,Which worker skill alone money data.
P073,Holly Vega,jrose@example.org,Day 3,Cybersecurity,4,This special develop president compare door car natural.
P074,Charles Klein,mollycruz@example.com,Day 4,AI & ML,3,Good world local listen store.
P075,Brady Sanders,lbaker@example.com,Day 4,AI & ML,2,Yet today or crime four hold.
P076,Gary Davidson,williamroberts@example.com,Day 2,Healthcare Tech,3,Particularly degree recently wide.
P077,Andrea Patton,wmcclain@example.com,Day 4,Renewable Energy,2,My health probably sport nearly concern father.
P078,Edward Freeman,olivia24@example.org,Day 2,Renewable Energy,3,Lay month cover pass under.
P079,Isabella Moran,kcoleman@example.com,Day 1,AI & ML,1,Sign attorney share program or believe type thousand.
P080,Lynn Deleon,frederick24@example.org,Day 2,Renewable Energy,3,Behind less four technology education.
P081,Stephanie Beltran,moorenicole@example.net,Day 3,Renewable Energy,5,Out story day performance.
P082,Michelle Spencer,phelpsjudith@example.com,Day 3,Healthcare Tech,1,Southern month cover hit fact.
P083,Mr. Larry Reed IV,troysawyer@example.com,Day 1,Renewable Energy,5,Become represent away education.
P084,Sara Smith,dgraham@example.org,Day 2,Renewable Energy,3,Finally miss meeting sign majority final difference.
P085,Matthew Clark,rachelbarajas@example.org,Day 4,Cybersecurity,2,Half be throughout above if seven daughter five.
P086,Frank Villarreal,abigail45@example.com,Day 2,AI & ML,4,Later knowledge through school forward ready note.
P087,Amber Stevens,ivillarreal@example.org,Day 1,Cybersecurity,2,Interest support budget.
P088,Keith Adams,alopez@example.com,Day 4,AI & ML,4,Institution much do executive street control bar.
P089,Melissa Carter,joshuablair@example.org,Day 1,Healthcare Tech,2,Current after either spend would everyone.
P090,Susan Hernandez,zthompson@example.com,Day 4,AI & ML,3,Tv country note.
P091,Allison Clark,christopherhawkins@example.net,Day 3,Renewable Energy,3,Officer respond want in idea than eye.
P092,Stephanie Anderson,joshua27@example.org,Day 2,Renewable Energy,4,Home he day information possible clearly mother.
P093,Christopher Barnes,ugreen@example.org,Day 3,Cybersecurity,4,Present really news visit large.
P094,Stephen Ruiz,sharris@example.org,Day 1,Cybersecurity,1,Bill too reveal kitchen money decide purpose.
P095,Linda Brewer,john42@example.net,Day 2,AI & ML,2,Specific boy task phone.
P096,Allison Conway,kellybarrera@example.com,Day 1,AI & ML,5,I wonder always along five.
P097,Chase Taylor,davidwilliams@example.org,Day 2,Cybersecurity,2,Born some easy southern life wish month say.
P098,Courtney Reeves,thomas30@example.com,Day 3,AI & ML,1,Man fast board choice smile occur.
P099,Michelle Vargas,david00@example.org,Day 4,Healthcare Tech,4,Week not allow talk trouble assume major.
P100,Rebecca Wheeler,tracinorris@example.net,Day 3,Healthcare Tech,2,If sense ever account center that.
P101,Joann Washington,wcox@example.net,Day 1,Cybersecurity,4,Church me control many firm exactly first day.
P102,Catherine Harrington,jaime80@example.net,Day 4,Renewable Energy,2,Mind necessary discussion.
P103,David Eaton,robertskeith@example.net,Day 4,Renewable Energy,2,Again take weight painting occur Republican buy.
P104,William Price,mariaconner@example.net,Day 4,Cybersecurity,1,Start local less industry professional manager reality ago.
P105,Amanda Wilson,melissamiller@example.org,Day 1,Renewable Energy,5,Role kind worry box yet sister.
P106,Lawrence Sanchez,brownjonathan@example.net,Day 3,Renewable Energy,3,Your value ground hand fear always.
P107,Christopher Ayers,kylelamb@example.org,Day 1,Healthcare Tech,5,Mother either last exactly.
P108,John Davidson,carl60@example.net,Day 3,Cybersecurity,3,Hear business occur person entire.
P109,Jose Brown,cassandra76@example.net,Day 1,Renewable Energy,5,Glass goal commercial foot.
P110,Kevin Nelson,sjones@example.net,Day 4,Cybersecurity,5,Entire become hair scene center organization discover.
P111,Joy House,matthewsmith@example.org,Day 1,AI & ML,5,Bad become daughter believe simply newspaper performance behavior.
P112,Michael Gates,emiles@example.com,Day 4,AI & ML,2,Section condition interview Congress up detail.
P113,Adam Phillips,grantsean@example.org,Day 1,Cybersecurity,1,Industry way be book second game your dinner.
P114,Rachel King,villanuevatodd@example.org,Day 4,AI & ML,1,Draw necessary fall school.
P115,Shawn Flores MD,tiffanymunoz@example.net,Day 2,Renewable Energy,4,Republican reflect magazine citizen itself respond car commercial.
P116,Michele Jordan,rogersdesiree@example.com,Day 3,Healthcare Tech,3,Why local relationship past property design general item.
P117,Dr. Timothy Osborne Jr.,gwade@example.com,Day 3,AI & ML,3,Everybody wear all itself notice degree data.
P118,Jordan Chavez,hilllisa@example.net,Day 3,Healthcare Tech,3,Easy world fund long.
P119,Debra Russo,garciaronald@example.net,Day 3,AI & ML,4,Store answer very.
P120,Christopher Robinson,brownkevin@example.net,Day 3,Healthcare Tech,2,Successful second school down.
P121,Susan Craig,scott18@example.net,Day 4,Cybersecurity,5,Process expert feel since white religious.
P122,Ricky Woodward,kenneth95@example.net,Day 2,AI & ML,1,Second policy and according really last major.
P123,Darlene Anderson,cynthia14@example.com,Day 4,AI & ML,5,Learn door third myself seek manager social.
P124,Lisa Henderson,carteralexa@example.com,Day 1,Healthcare Tech,2,Phone while middle under pattern sense.
P125,Logan Watts,yowens@example.net,Day 2,Healthcare Tech,2,Body which half between surface possible.
P126,Kevin Ramos,ashley73@example.net,Day 1,Healthcare Tech,2,Charge draw term.
P127,Dakota Leon,nayala@example.net,Day 3,AI & ML,1,Treat responsibility organization together quality because.
P128,Scott Ward,pricemichael@example.com,Day 2,AI & ML,4,Specific health able she knowledge deep owner.
P129,Robert Watkins,moralesalan@example.org,Day 2,Renewable Energy,3,Allow important teach skill house report hit.
P130,Judy Thompson,zpowers@example.org,Day 4,Renewable Energy,4,Interest avoid idea owner almost treat just.
P131,Carolyn White,vmoore@example.com,Day 1,AI & ML,1,Move likely admit station painting.
P132,Mariah Baker,ntaylor@example.net,Day 4,Cybersecurity,1,Plan various method service.
P133,Eric Rodriguez,daniel14@example.com,Day 3,Renewable Energy,4,Traditional show vote key.
P134,Brian Bradford,amandalawrence@example.com,Day 3,AI & ML,5,Open least local like billion.
P135,David Gomez,ryangoodwin@example.com,Day 3,Healthcare Tech,4,Church chance accept bank interesting statement available.
P136,Latoya Pruitt,lowerobin@example.net,Day 2,Cybersecurity,4,Employee bed nation claim.
P137,Austin Young,dennis76@example.org,Day 2,Healthcare Tech,5,Show nothing like she.
P138,William Page,xaviercrosby@example.com,Day 3,Cybersecurity,4,Radio major cup hope report respond south.
P139,Mr. Carlos Rivera PhD,pcasey@example.org,Day 3,AI & ML,1,Fire probably marriage relate wait father first.
P140,Stanley Baker,jasonmoore@example.com,Day 3,Healthcare Tech,1,Lot hard edge responsibility image maybe.
P141,Barbara Perry,jwilliams@example.net,Day 3,Renewable Energy,1,Kitchen leg cultural idea state.
P142,Richard Patterson,lindagross@example.com,Day 4,Renewable Energy,2,Environmental area federal culture.
P143,Roy Rodriguez,jacksonkimberly@example.com,Day 2,Healthcare Tech,3,Lose thousand ground stock.
P144,Don Gould,ledwards@example.com,Day 2,Cybersecurity,2,Window store sister admit agreement.
P145,Brian Johnson,eduardo27@example.org,Day 4,Renewable Energy,3,More international make west official.
P146,Jennifer Tyler,shane20@example.net,Day 2,Cybersecurity,5,Machine how professional.
P147,Dennis Chambers,timothymiller@example.org,Day 1,Renewable Energy,2,Wife answer policy marriage walk.
P148,Robert Carlson,jade29@example.com,Day 4,Renewable Energy,2,Marriage response well still some bed she.
P149,Anthony Knight,miranda77@example.net,Day 2,AI & ML,4,Ready heavy record floor return ball.
P150,Robert Lynn,amandachapman@example.net,Day 1,Renewable Energy,4,Large charge contain.
P151,David Mueller,hoffmantina@example.com,Day 4,Healthcare Tech,5,In science reality.
P152,Thomas Rice,carlosreed@example.org,Day 4,AI & ML,3,Ever off to future pick.
P153,David Walker,phorton@example.org,Day 3,Renewable Energy,4,Radio big again six.
P154,Crystal Brooks,rickyreyes@example.org,Day 2,Cybersecurity,5,Detail dinner door beat.
P155,Caroline Wright,ryan71@example.org,Day 2,AI & ML,5,City computer daughter fast.
P156,Kimberly Bennett,pwoodard@example.org,Day 1,Healthcare Tech,1,Civil year time product understand skin.
P157,Lori Sparks,zholden@example.org,Day 3,AI & ML,5,Bed which leg work as next.
P158,Martin Scott,fwilson@example.com,Day 2,AI & ML,4,About best product operation finally house.
P159,Marie Ford,rogersthomas@example.org,Day 2,AI & ML,2,Address table step deal strong break yard source.
P160,Eduardo Sloan,johnsonmelissa@example.org,Day 4,Cybersecurity,4,Card own mission answer different.
P161,Jenna White,jonesdarryl@example.net,Day 2,Healthcare Tech,2,Memory spend head life throw data.
P162,Kelsey Daniels,lindsay77@example.net,Day 1,Cybersecurity,1,Article white reflect can enter go.
P163,Cheryl Ferguson,jillbarnes@example.net,Day 1,Healthcare Tech,5,Fact walk but.
P164,Kimberly Farmer,camposmelinda@example.com,Day 4,Cybersecurity,3,Soon play side believe later pick.
P165,Karen Nicholson,davisjasmine@example.net,Day 2,Cybersecurity,5,Law western century already north law.
P166,Toni Lowe,pfox@example.org,Day 2,Cybersecurity,5,Leader case network before beat choice paper too.
P167,Eric Lopez,pcastillo@example.net,Day 2,Healthcare Tech,5,Garden turn second top man position.
P168,George Bryan,xrandall@example.com,Day 4,Cybersecurity,3,Carry class discover camera shoulder theory.
P169,Ricardo Hanson,kingjane@example.com,Day 3,Cybersecurity,4,About conference own eight major.
P170,Scott Huffman,jeremy61@example.com,Day 3,Cybersecurity,4,Step plant actually effect.
P171,Robert Smith,edwardpeterson@example.com,Day 3,AI & ML,2,Week fact create budget himself.
P172,Gregory Steele,erikapeterson@example.net,Day 2,Cybersecurity,2,Cost think south similar experience nearly.
P173,Deborah Taylor,cramirez@example.org,Day 3,Cybersecurity,5,Sign car level business care smile yourself toward.
P174,Donald Diaz DDS,trujillophilip@example.net,Day 1,Renewable Energy,5,By notice four minute thus.
P175,Amber Russell,amyoconnor@example.net,Day 3,Cybersecurity,1,Watch wall image under mission center federal gun.
P176,Vincent Ramos,donaldsontheresa@example.net,Day 3,Renewable Energy,4,Town ok wrong there.
P177,Kyle Allen,joshua33@example.com,Day 4,Renewable Energy,1,A stock mouth huge fill.
P178,Donna Mclaughlin,bakersteven@example.org,Day 2,Cybersecurity,1,Cell final through inside source.
P179,Jeremy Gates,rhunter@example.org,Day 2,Cybersecurity,1,Tend front us each.
P180,Robert Stone,julie56@example.com,Day 3,Cybersecurity,3,Her candidate director enjoy.
P181,Arthur Smith,richard55@example.com,Day 2,Cybersecurity,5,Nothing firm most soldier born green race final.
P182,Wanda Lynn,charles22@example.org,Day 1,Healthcare Tech,3,Skin its hotel.
P183,Justin Watson,william75@example.net,Day 1,AI & ML,2,First sure least direction look.
P184,Misty Riley,elizabethburns@example.org,Day 3,Renewable Energy,3,Tough although than president.
P185,Todd Davis,dcompton@example.com,Day 2,Healthcare Tech,4,Cause third for born lead general scientist.
P186,Gregory Fischer,monica51@example.org,Day 4,Cybersecurity,5,Offer network fight capital nature reality.
P187,Willie Nichols,zjackson@example.net,Day 4,Renewable Energy,5,Design heavy simply alone trial military same affect.
P188,Sara Adams,trevorjenkins@example.org,Day 3,Cybersecurity,1,Performance PM plan close evening set leg.
P189,Ashley Jones,lisa14@example.com,Day 4,AI & ML,5,Analysis type east be order talk key.
P190,Justin Cummings,riverashawn@example.com,Day 4,Healthcare Tech,5,Water fear cause doctor answer might.
P191,Daniel Evans,gregory14@example.org,Day 1,Renewable Energy,3,Administration heart food minute reflect in lay.
P192,Nicholas Morrison,tammyingram@example.org,Day 4,Renewable Energy,5,Firm skin concern like.
P193,Becky Ford,apatrick@example.com,Day 2,AI & ML,3,Each cause return always interest small resource.
P194,Andrew Fuller,lewisjerry@example.com,Day 2,Cybersecurity,1,Several long clearly throughout poor generation class.
P195,Jessica Bell,nicole67@example.org,Day 3,AI & ML,2,Debate buy else my full lot production.
P196,Steven Diaz,tylercowan@example.net,Day 1,AI & ML,2,Rate community door.
P197,Jessica Garcia,qturner@example.net,Day 1,Healthcare Tech,5,Have city everybody energy song responsibility herself.
P198,John Cain,smithjason@example.org,Day 2,Cybersecurity,3,Southern game for by camera address.
P199,Michael Griffin,jcampbell@example.com,Day 4,AI & ML,5,Growth out worker its positive newspaper pretty.
P200,James Patel,ypennington@example.net,Day 3,Renewable Energy,4,Blood consider city address.
P201,Gina Williams,theresa10@example.org,Day 2,Healthcare Tech,4,Manager chance figure say his.
P202,Mackenzie Clarke,james67@example.com,Day 2,Cybersecurity,5,How degree why him among task head response.
P203,Jessica Davis,afisher@example.net,Day 4,Cybersecurity,5,Task dream easy your film child.
P204,Jason Tucker,brettgonzales@example.net,Day 1,Cybersecurity,5,Since security energy seven end.
P205,Chad White,jason29@example.net,Day 2,Cybersecurity,5,Her special yes certain site.
P206,Brian Parker,danielle30@example.org,Day 4,Renewable Energy,5,Despite draw history present.
P207,Dennis Whitaker,christinagreen@example.org,Day 3,AI & ML,5,Structure material focus goal check public.
P208,Steven Mccullough,trevor18@example.com,Day 2,Cybersecurity,1,Management close young also relate.
P209,Emily Shaw,diane14@example.com,Day 4,Healthcare Tech,3,Personal attention TV mean choose policy.
P210,Kristen Blackwell,garciaamber@example.net,Day 2,Renewable Energy,5,Season stuff point general view.
P211,Timothy Freeman MD,jtaylor@example.org,Day 4,Cybersecurity,3,Everybody nearly face attention other soldier.
P212,Zachary Walker,heidisanchez@example.org,Day 4,Renewable Energy,2,Subject individual whether condition child strong small be.
P213,Jennifer Morrow,kellysmith@example.com,Day 2,Renewable Energy,4,Economic personal technology strategy hard keep less southern.
P214,Karen Gallegos,mpham@example.com,Day 3,Renewable Energy,1,Apply measure medical plant help different.
P215,Daniel Charles,mary06@example.net,Day 1,Cybersecurity,1,Game scene industry nothing.
P216,Justin Cantu,kristine86@example.net,Day 3,Renewable Energy,3,Station throw miss generation nation sit method base.
P217,Katherine Cochran,rebeccanovak@example.net,Day 3,Renewable Energy,3,Agreement spring together thought song physical her.
P218,Melissa Robinson,hermanjamie@example.org,Day 4,Healthcare Tech,4,Environmental several decade truth this president tree soon.
P219,Gregory Porter,josephgray@example.com,Day 4,AI & ML,3,Moment report strategy PM audience.
P220,Mary Davis,yumicheal@example.com,Day 1,Renewable Energy,4,Important move officer detail and.
P221,Kylie Buckley,rstone@example.com,Day 1,Healthcare Tech,4,Choice field good reveal stop throughout.
P222,Denise Morris,gloriaallen@example.net,Day 2,AI & ML,4,Appear keep way box guess.
P223,William Curtis,jimenezmonica@example.com,Day 1,Healthcare Tech,3,Raise best city whole when why agency security.
P224,Melissa Moore,melissabaker@example.org,Day 4,Healthcare Tech,2,Hard recently whom.
P225,Taylor Cook,butlerangela@example.org,Day 4,Healthcare Tech,4,Single everybody clear have mind.
P226,Maurice Gilmore,wgay@example.net,Day 3,Renewable Energy,5,Poor sister member Congress.
P227,Sandra Glenn,brownanne@example.net,Day 3,Cybersecurity,4,Probably authority price despite detail.
P228,Michael Maynard,hmartin@example.net,Day 1,Healthcare Tech,1,Election prepare step picture full third.
P229,Nichole Rivera,melissa74@example.org,Day 4,Cybersecurity,5,Meet avoid his mother somebody music car.
P230,Erin Moon,bford@example.net,Day 2,Healthcare Tech,2,Happy nearly whatever.
P231,Tammy Bailey,smithkeith@example.org,Day 4,Cybersecurity,4,Such car agent energy prove.
P232,Tammy Berry,crystalwiggins@example.com,Day 4,Healthcare Tech,3,Radio charge recent raise new join.
P233,Eugene Riddle,jhanson@example.com,Day 4,Renewable Energy,1,Nature industry save mind final hundred.
P234,Darren Henry,wdavis@example.com,Day 2,Renewable Energy,1,Western same move position shake.
P235,Douglas Macdonald,youngmelissa@example.org,Day 2,Healthcare Tech,4,Someone quite she hot special beautiful.
P236,Kimberly Daniels,dylangillespie@example.net,Day 3,AI & ML,2,Least whose couple.
P237,Christina Butler,smithtraci@example.net,Day 1,Renewable Energy,2,Feeling back myself chair talk.
P238,Angela Solis,brownalexander@example.com,Day 2,Cybersecurity,2,Effort exist then possible then.
P239,Veronica Conway,halljose@example.org,Day 4,AI & ML,5,Relate region speak building truth picture resource.
P240,Angel Jones,savagemichael@example.org,Day 3,Renewable Energy,1,Require away beyond stop near issue.
P241,Jessica Patterson DDS,mooremichael@example.com,Day 2,AI & ML,3,Risk under subject back produce require player it.
P242,Jill Harris,jeffreyjohnson@example.org,Day 1,Healthcare Tech,5,Chair make nearly book minute weight.
P243,Jamie Mcdonald,bullockgarrett@example.org,Day 1,Healthcare Tech,3,Everyone crime meet drive.
P244,Daniel Russell,samanthaporter@example.com,Day 2,Renewable Energy,2,Hit focus against general character magazine.
P245,John Hale,melissa52@example.net,Day 2,Healthcare Tech,4,Clearly magazine part least teacher thousand.
P246,Jennifer Watts,linda19@example.net,Day 4,Renewable Energy,1,Baby center despite nothing break.
P247,James Pena,vcox@example.org,Day 1,Healthcare Tech,2,Your few expect well must focus offer.
P248,Emily Lopez,melissa74@example.org,Day 4,Renewable Energy,5,Decade budget high necessary clear.
P249,Amy Long,alanali@example.org,Day 2,Healthcare Tech,4,College before agree economic.
P250,Ricky Lawrence,jacobrussell@example.org,Day 1,Cybersecurity,5,Include staff interest recognize we available try.
P251,Richard Harris,sharonmitchell@example.net,Day 3,Healthcare Tech,5,Us surface page.
P252,Mia Johnson,umoody@example.org,Day 4,Renewable Energy,5,Discover level miss within.
P253,Michael Johnson,meganperry@example.org,Day 3,Renewable Energy,3,Billion drive nothing kitchen view.
P254,Barbara Hall,johnturner@example.org,Day 3,Healthcare Tech,2,If good authority tough office animal much.
P255,Stacy Scott,adam95@example.com,Day 1,Cybersecurity,3,Low instead various guess.
P256,Michael Taylor,washingtonmatthew@example.net,Day 2,Cybersecurity,1,Pm will note.
P257,Veronica Hale,sean58@example.net,Day 4,AI & ML,3,Early camera nearly low unit room water.
P258,Mary Ware,jeffrey46@example.com,Day 3,Renewable Energy,1,Back experience act successful result.
P259,Rachel Alvarez,wrightvalerie@example.com,Day 3,Renewable Energy,2,Discussion black newspaper sign often show.
P260,Tammy Morris,millerlori@example.net,Day 3,Renewable Energy,4,Establish forget since per.
P261,Kelsey Stewart,awilson@example.org,Day 2,AI & ML,2,Sing ability however soldier direction long.
P262,Tyler Meyers,patricksmith@example.net,Day 1,Cybersecurity,4,He film campaign central make record season.
P263,Angela Mclaughlin,millersteven@example.net,Day 2,Cybersecurity,1,Name ready sign sister front process cover food.
P264,Megan Williams,mariamccarthy@example.net,Day 1,Healthcare Tech,5,Join specific mean.
P265,Edward Alvarez,richardsonjennifer@example.org,Day 1,Healthcare Tech,5,Tell change detail respond if prove.
P266,George Gonzales,ksmith@example.net,Day 2,Renewable Energy,5,Usually direction Republican their.
P267,William Wu,howardjoshua@example.com,Day 1,Renewable Energy,4,Population imagine Republican argue.
P268,Sarah Villanueva,mistybarnes@example.org,Day 1,AI & ML,2,Sure begin central bit involve serve.
P269,Dylan Washington,rodriguezdevin@example.com,Day 4,Healthcare Tech,3,Determine drop group.
P270,Arthur Mendez PhD,gduncan@example.net,Day 4,Cybersecurity,1,Street office through their owner give.
P271,Kimberly Mclaughlin,njohnson@example.com,Day 3,Renewable Energy,5,Among meeting car part figure above particularly.
P272,Ashley Ramos,sanchezmargaret@example.org,Day 2,AI & ML,4,Require believe other with myself generation.
P273,Phillip Compton,tylerbenitez@example.net,Day 1,Renewable Energy,3,Great game focus social.
P274,Douglas Ross,ericalopez@example.org,Day 2,Renewable Energy,5,And but music brother discover have result.
P275,Jacob Sanchez,smcpherson@example.com,Day 4,AI & ML,3,Tv to indicate institution often.
P276,Andrew Perry,marcussoto@example.com,Day 4,AI & ML,3,Dog form contain however.
P277,Richard Reilly,martinezbrenda@example.net,Day 2,Cybersecurity,2,Support everything poor now house hotel approach wrong.
P278,George Sherman,johnmontgomery@example.org,Day 2,Healthcare Tech,1,Him safe goal animal measure interview.
P279,Deanna Kennedy,qlewis@example.com,Day 2,Renewable Energy,4,Born pass maintain wait society.
P280,Sean Poole,fritzbrett@example.net,Day 3,Healthcare Tech,4,Commercial person brother through election now technology information.
P281,Douglas Jackson,johnsoncourtney@example.net,Day 1,Renewable Energy,5,Policy check identify body.
P282,Robert Sanchez,sampsontraci@example.org,Day 4,Healthcare Tech,1,Your knowledge do this.
P283,Steven Stephens,timothyholmes@example.com,Day 4,Healthcare Tech,4,Sure face company.
P284,Denise Riley,torresjoanna@example.com,Day 3,AI & ML,1,Act billion individual play simply.
P285,Jason Jones,camposrichard@example.org,Day 1,AI & ML,1,Letter until but education impact write order expert.
P286,Dr. Antonio Thompson,wwalters@example.org,Day 2,Renewable Energy,1,Skill relate back support boy fight.
P287,Ray Garner MD,michelle70@example.org,Day 1,Cybersecurity,4,Family take politics run point.
P288,Jamie Myers,rramirez@example.org,Day 1,AI & ML,3,Add bad seven down.
P289,Jennifer Evans,melissaduncan@example.org,Day 1,Healthcare Tech,5,Nothing her success agent go.
P290,Vickie Brady,aliciastevens@example.org,Day 4,Cybersecurity,5,Factor strong list sing cause painting.
P291,Mr. Michael Mcgrath,danielowens@example.org,Day 2,Renewable Energy,1,Author capital from anything against series.
P292,Jill Curtis,jennifertorres@example.org,Day 3,Renewable Energy,2,Meeting event either five.
P293,April Foster,barbara45@example.net,Day 3,AI & ML,4,Unit see day.
P294,Michael Moore,drewlee@example.org,Day 3,Cybersecurity,3,Prevent letter personal goal.
P295,Cynthia Jones,heather13@example.com,Day 4,Healthcare Tech,4,Beyond southern election quickly.
P296,William Mcdaniel,randall94@example.org,Day 2,Cybersecurity,4,Action next summer too turn leg.
P297,Diamond Curry,susan30@example.org,Day 4,AI & ML,3,Camera sea decision identify beautiful each.
P298,Theodore Hess,matthew78@example.net,Day 3,Cybersecurity,3,Challenge sport feeling.
P299,Mitchell Morrison,mford@example.org,Day 1,AI & ML,3,Everything subject executive both.
P300,Sophia Johnson,kerry20@example.com,Day 3,Renewable Energy,3,Central field popular research quite.
P301,Christopher Moore,kturner@example.net,Day 1,AI & ML,2,Protect rest coach evidence listen newspaper century reduce.
P302,Randy Thompson PhD,gerald73@example.org,Day 2,Renewable Energy,3,Impact week anything final force light same.
P303,Amber Lester,eclark@example.net,Day 1,AI & ML,3,State American she high fear.
P304,Catherine Mccarthy,mckinneyanthony@example.net,Day 3,Cybersecurity,5,Though less truth room.
P305,Michele Hall,imitchell@example.net,Day 3,Cybersecurity,4,Some international our amount remember throughout.
P306,Justin Brown,dwalker@example.com,Day 1,Healthcare Tech,5,Head song foot economic table.
P307,Jacob Kaiser,wbolton@example.com,Day 4,Renewable Energy,3,Responsibility culture director often.
P308,Daniel Hampton,gabrielle46@example.net,Day 2,AI & ML,5,Research per month.
P309,Erika Hahn,ian08@example.net,Day 2,Cybersecurity,3,Will stand respond moment food both pay.
P310,Joseph Williamson,wflores@example.com,Day 2,Healthcare Tech,2,Claim agent theory official low.
P311,Ryan Griffin,morriskimberly@example.net,Day 1,Renewable Energy,1,Star relationship tonight major high.
P312,Aaron Clark,mcfarlandkevin@example.com,Day 4,Healthcare Tech,5,Travel group apply tell themselves.
P313,Cindy Shaw,tony61@example.org,Day 2,Healthcare Tech,2,Suffer save she.
P314,Elizabeth Smith,qarnold@example.com,Day 2,Cybersecurity,1,Industry professor election fear conference hear experience.
P315,Katie Williams,fdelacruz@example.org,Day 2,AI & ML,1,Again lead voice.
P316,Juan Cunningham,knelson@example.org,Day 2,Healthcare Tech,4,Ten others general successful.
P317,Samuel Fritz,teresamay@example.com,Day 3,Healthcare Tech,3,None step chair car.
P318,Christopher Williams,xwilson@example.com,Day 1,AI & ML,3,Boy she standard region subject.
P319,Thomas Abbott,michael68@example.org,Day 4,Renewable Energy,5,Resource nation man least.
P320,Joseph Peterson,sarah91@example.org,Day 4,Renewable Energy,2,Soon care huge see something.
P321,Lisa Roberts,ohuff@example.net,Day 1,AI & ML,1,Your court make start might half week evidence.
P322,Douglas Page,joshua96@example.org,Day 4,Cybersecurity,1,Of letter actually animal door.
P323,Jessica Young,dustin74@example.com,Day 2,Healthcare Tech,5,Worker level investment officer local.
P324,Joshua Henry,richard85@example.net,Day 2,Cybersecurity,3,Image American worry.
P325,Robert Conley,rbowman@example.org,Day 2,AI & ML,2,Water too four.
P326,Catherine Robinson,leblanccharles@example.net,Day 4,Cybersecurity,4,But land large weight store follow fight.
P327,Ms. Melissa Guzman,michellegreen@example.org,Day 1,Healthcare Tech,2,Admit such art show difference might series.
P328,David Campbell,jacquelinealexander@example.net,Day 3,Healthcare Tech,5,Sort through education at teach heart deep.
P329,Mark Young,langwalter@example.com,Day 1,Renewable Energy,1,Find nature customer your voice think discussion.
P330,Michael Smith,kelly82@example.org,Day 2,Healthcare Tech,5,With entire stop country.
P331,Anna Key,tgarcia@example.org,Day 1,Renewable Energy,5,Wear size realize.
P332,Lisa Roman,elliottscott@example.com,Day 2,Cybersecurity,3,Available discuss require audience.
P333,Robert Bennett,debbie39@example.org,Day 4,Cybersecurity,1,Magazine tell notice able.
P334,Ashley Lee,lambrobert@example.net,Day 3,AI & ML,1,Man serve team save.
P335,Brian Saunders,brian08@example.org,Day 1,Renewable Energy,2,Understand this single couple case perform little off.
P336,Julie Johnson,norman99@example.net,Day 2,AI & ML,1,To spend write side price fire.
P337,Sue Silva,angelalin@example.net,Day 1,Healthcare Tech,4,Use imagine resource others race.
P338,Dean Robinson,laura90@example.com,Day 1,Renewable Energy,2,Drop security chair activity.
P339,Rose Holmes,jacksonjoseph@example.org,Day 2,Cybersecurity,1,Myself my common social produce player.
P340,Misty Delacruz,mthomas@example.com,Day 1,Renewable Energy,4,Control break news young.
P341,Jennifer Rios,rharrell@example.com,Day 1,Healthcare Tech,1,Provide again see agent commercial then million.
P342,Megan Sims,seanbaldwin@example.org,Day 1,Healthcare Tech,5,While mind physical bill.
P343,Jessica Thomas,cervantestodd@example.net,Day 4,Cybersecurity,2,Threat crime smile benefit.
P344,James Davenport,butleramy@example.com,Day 2,AI & ML,5,Commercial simple probably claim imagine protect.
P345,Alexandra Rogers,cprince@example.net,Day 1,Healthcare Tech,3,Soldier take likely body popular.
P346,Stephen Craig,danielle00@example.org,Day 4,Renewable Energy,2,Item admit have staff know.
P347,Christopher White,nicholas26@example.net,Day 3,AI & ML,2,Speech receive size city.
P348,Cynthia Castillo,makaylacook@example.net,Day 3,Renewable Energy,1,Power song offer moment story kid source.
P349,Justin Hopkins,coryburke@example.net,Day 2,Healthcare Tech,3,Likely hotel general state message travel.
P350,Micheal Robbins,carrienicholson@example.net,Day 4,Renewable Energy,5,None position source.
P351,Amanda Bailey,houstoncarla@example.net,Day 4,AI & ML,1,Improve though city team face we good able.
P352,Timothy Silva,jared17@example.net,Day 1,Cybersecurity,5,Into during against money me.
P353,Nancy Moore,rowlandgregory@example.net,Day 3,Renewable Energy,2,Anything learn type among nor.
P354,Andrew Hall,walkerandrea@example.org,Day 1,Cybersecurity,3,Western toward speak here democratic of well.
P355,Scott Ford,denisemartin@example.com,Day 4,Cybersecurity,1,Born leg yes budget thought popular assume.
P356,Martin Green,christopher58@example.net,Day 1,Healthcare Tech,4,Order decide girl second stop six set.
P357,Jeffery Bell,charris@example.org,Day 2,AI & ML,4,Idea nothing war want however hit expect yourself.
P358,Maria Tran,jennifer92@example.com,Day 1,Cybersecurity,4,Have herself travel adult explain simple provide.
P359,Monique Morales,jason87@example.org,Day 1,Renewable Energy,5,Debate forget room listen hard ready newspaper.
P360,Randall Bailey,hornehannah@example.com,Day 1,Cybersecurity,3,Test simply issue worry too deal.
P361,David Reeves,dsmith@example.com,Day 4,Healthcare Tech,3,Interesting try situation must year Republican.
P362,Sabrina Copeland,amandarivas@example.com,Day 4,Cybersecurity,2,Reality commercial born former kitchen add pressure.
P363,Patricia Craig MD,angelawilliams@example.org,Day 2,Healthcare Tech,3,Sea very trouble you rate give area.
P364,Mary Castillo,bsalinas@example.org,Day 1,Cybersecurity,4,Yet for act possible remember along carry risk.
P365,Brian Ho,rglass@example.net,Day 4,Healthcare Tech,1,Girl service organization positive.
P366,Mike Gates Jr.,martha98@example.net,Day 4,AI & ML,2,Name two cold thought smile I investment.
P367,Stephen Davis,dereksparks@example.com,Day 4,Cybersecurity,2,Agree budget subject nothing.
P368,Erik Campbell,gmiller@example.com,Day 4,Renewable Energy,1,With second building positive drive food cut.
P369,Kevin Sloan,ljohnson@example.com,Day 3,AI & ML,5,Investment focus effect goal.
P370,Amy Bauer,nicolasjohnson@example.org,Day 4,AI & ML,4,Yard real do lose.
P371,John Cohen,michaelperez@example.net,Day 3,Cybersecurity,1,Town quite college expert.
P372,Brian Jordan,rebecca50@example.org,Day 2,Cybersecurity,4,Foreign time value win interview kid.
P373,Taylor Wright,grodriguez@example.org,Day 2,AI & ML,5,Energy thank yourself Mrs how lawyer carry.
P374,Jacqueline Gonzales,kyle20@example.com,Day 2,AI & ML,3,Fast reveal decision.
P375,Ronnie Horton,iwhite@example.net,Day 1,AI & ML,4,Save happy perform find college.
P376,David Mooney,johnsonpaul@example.org,Day 3,Healthcare Tech,2,Probably ground send.
P377,Kevin Wilson,angela86@example.org,Day 2,Healthcare Tech,1,Several glass international couple movement break.
P378,Samantha Phillips,vmunoz@example.org,Day 1,Healthcare Tech,3,President employee deep benefit its practice.
P379,Daniel Brown,danielholmes@example.net,Day 1,Renewable Energy,2,Body per after American force simple per your.
P380,Paul Porter,deborahchandler@example.net,Day 4,Cybersecurity,4,Model coach analysis leader.
P381,Paul Moore,cbrewer@example.net,Day 4,Renewable Energy,4,Goal too radio quickly check computer.
P382,Tricia Morales,tylerdonald@example.org,Day 2,Healthcare Tech,5,Expert board get major.
P383,Matthew Buchanan,fhill@example.net,Day 2,Renewable Energy,5,Everything outside institution memory include industry party.
P384,Colleen Smith,zhansen@example.org,Day 3,Cybersecurity,4,Defense four still yard save.
P385,Daniel Rodriguez,whitneycamacho@example.net,Day 4,Renewable Energy,3,There decade identify sound law room.
P386,Mary Lee,andrewyoung@example.org,Day 2,Cybersecurity,5,May off generation structure democratic.
P387,David Rose,billylee@example.net,Day 3,Healthcare Tech,5,From pretty quickly last style here.
P388,Jason Patterson,bscott@example.com,Day 2,Healthcare Tech,2,Security spend ahead.
P389,Joseph Hernandez,barnestaylor@example.org,Day 3,Cybersecurity,4,Attention from inside then draw bed never.
P390,Johnny Tyler,stanleyeric@example.net,Day 2,AI & ML,3,Return though explain former blue probably including during.
P391,Barbara Wang,emma20@example.org,Day 4,AI & ML,5,Degree animal apply which glass clearly.
P392,Whitney Smith,matthew20@example.com,Day 1,Renewable Energy,3,Hotel well four attorney land.
P393,Karen Koch,rachelgarrett@example.com,Day 4,Renewable Energy,3,Consumer picture food a material effect.
P394,Stacy Rowland,dfoster@example.net,Day 2,Renewable Energy,3,Voice moment section.
P395,Christine Klein,jsanchez@example.org,Day 3,Healthcare Tech,2,About think investment.
P396,Amanda Robertson,mendezjesus@example.org,Day 4,Renewable Energy,5,Lose this receive drop site technology.
P397,Phillip Brown,wallacekristen@example.net,Day 3,Healthcare Tech,5,Job finish truth fill name receive.
P398,Lee Ross,castillowilliam@example.org,Day 1,Renewable Energy,1,Thought teach seat career.
P399,Rachel Garcia,christina56@example.org,Day 2,Healthcare Tech,4,A but clear even operation occur part.
P400,Kaitlin Clark,thomasmichael@example.net,Day 2,Renewable Energy,4,View least old leave place thing minute.
